{"cameraMode":{"drawMode":0,"name":"Shaded","section":"Shading Mode"},"sceneLighting":true,"audioPlay":false,"sceneViewState":{"m_AlwaysRefresh":false,"showFog":true,"showSkybox":true,"showFlares":true,"showImageEffects":true,"showParticleSystems":true,"showVisualEffectGraphs":true,"m_FxEnabled":true},"in2DMode":false,"pivot":{"x":7.236384391784668,"y":10.74997329711914,"z":36.106842041015628},"rotation":{"x":-0.011667664162814618,"y":-0.9514124393463135,"z":0.3056158423423767,"w":-0.03656912222504616},"size":1.5741283893585206,"orthographic":false}